Entry,Intro1,,,,,,,Yuki,YukiEnterExhausted,
Intro1,Intro2,,(Your colleague and fellow teacher Yuki enters.  She looks tired.),,,,,,,
Intro2,Intro3,,"(She seems happy to see you.)  Hi PlayerName, I'm glad you're there.",DialogLoveGreater(4),,,,,YukiEnterHappy,
Intro2,Intro3,,"(She nods seeing you.)  Hello there, I see you're stuck here today.",,,,,,,
Intro2,Intro3,,(She makes a long sigh when she sees you.)  They stuck you in here.,DialogLoveLower(-4),,,,,,
Intro3,Intro4,,I used to supervise detention before they hired you.  Oh lord!  The bad memories.,,,,,,,
Intro4,,,Are the little brats driving you nuts?,,,,,,,
Intro4,Intro5,"Don't worry, I can handle them.",On your first semester?  That's impressive.,,,,1,,YukiEnterShy,
Intro4,Intro5,You don't have a class to teach?,"No, it's my break hour.",,,-1,,,YukiEnterMad,
Intro4,Intro5,What are you doing here?,I have a one-hour break and I saw your empty class.,,,,,,,
Intro4,Intro5,"It's great to see you, Yuki.","You're kind today, PlayerName.",,,1,,,YukiEnterHappy,
Intro4,Intro5,The girls are out of control.,"Yeah, it took me months to make them obey.",,,,-1,,YukiEnterProud,
Intro5,Intro6,,Do you mind if I take a seat back there?,,,,,,,
Intro6,Intro7,,(She yawns out loud.)  Maybe rest and do power nap.,,"DialogVariableSet(""Belt"", ""None"")",,,,YukiEnterExhausted,
Intro7,,,I barely slept last night.,,,,,,,
Intro7,Intro8,"Poor Yuki, are you sick?","(She shrugs.)  I don't know, I think my sleeping pills are not enough.",,,1,,,YukiEnterHappy,
Intro7,Intro8,Have you tried counting sheep?,"Don't be ridiculous, even my sleeping pills are not enough.",,,-1,,,YukiEnterMad,
Intro7,Intro8,"I'm sorry, I cannot help you.",You cannot help me.  I simply think my sleeping pills are not enough.,,,,-1,,YukiEnterProud,
Intro7,Intro8,You need better medication.,"You're right, I think my sleeping pills are not enough.",,,,1,,YukiEnterShy,
Intro8,Intro9,,"Oh lord!  I take way too many pills, it's frying my brain.",,,,,,,
Intro8,Intro9Belt,,"Oh lord!  I take way too many pills, it's frying my brain.","LogQuery(""Yuki"", ""OfficeBeltDay"")",,,,,,
Intro9,Intro10,,"And when I mix them with wine, it's a bad cocktail.",,,,,,,
Intro9Belt,Intro10,,And wearing your chastity belt doesn't help.  Please don't forget to unlock me later.,DialogWeekIs(7),"DialogVariableSet(""Belt"", ""Now"")",,1,,YukiEnterShy,
Intro9Belt,Intro10,,And that full day locked in your chastity belt didn't help.  It was intense.,!DialogWeekIs(7),"DialogVariableSet(""Belt"", ""Past"")",,1,,YukiEnterShy,
Intro10,Intro11,,I'll simply catch some sleep at the back of the class.,,,,,,,
Intro11,,,"Please wake me up if a student comes, I'll leave.",,,,,,,
Intro11,Intro12,I don't like it but get some sleep.,(She frowns and nods.)  I'll be quick.,,,-1,,,YukiEnterMad,
Intro11,Intro12,I'll kick you out if a pupil enters.,"(She bows her head.)  Yes, PlayerName.  I'll be quick.",,,,1,,YukiEnterShy,
Intro11,Intro12,"Good night, sweet dreams.","(She smiles at you.)  Thanks, PlayerName.",,,1,,,YukiEnterHappy,
Intro11,Intro12,I won't make any noise.,Good!  Some silence will help.,,,,-1,,YukiEnterProud,
Intro12,Class1,,(She heads to get a desk at the back of the class.),,,,,,,
Class1,Class2,,,,,,,Teacher,TeacherClassroom,
Class2,,,(The classroom is empty except for Yuki resting in the back.),,,,,,,
Class2,Awake1,(Go see Yuki.),(You go to the back row to see your colleague.),DialogTimeLower(1),,,,,,
Class2,Asleep1,(Go see Yuki.),(You go to the back row to see your colleague.),DialogTimeGreater(2),,,,,,
Class2,Class2,(Wait patiently.),(You look around and wait for a student to come in.),,Wait(),,,,TeacherClassroom,Clock
Class2,Class2,(Play a game on your phone.),(You play a puzzle game on your phone as the clock ticks.  Yuki is too tired to notice.),"!LogQuery(""Evelyn"", ""PhoneControl"")",Wait(),,,,TeacherClassroomPhone,Clock
Class2,Class2,(Play a game on your phone.),"(A padlock appears on your phone, you can read: Games blocked by your phone administrator)","LogQuery(""Evelyn"", ""PhoneControl"")",,,,,TeacherClassroomPhone,Clock
Class2,ClassCrop1,SecretDialog,,"!InventoryAvailable(""Crop"")",,400,500,400,300,
Class2,ClassNoCrop1,SecretDialog,,"InventoryAvailable(""Crop"")",,400,500,400,300,
ClassCrop1,ClassCrop2,,,,,,,,TeacherDeskCrop,
ClassCrop2,,,(There's a leather crop inside the teacher's desk.),,,,,,TeacherDeskCrop,
ClassCrop2,ClassNoCrop2,(Take the leather crop.),(You take the leather crop and keep it for yourself.),,"InventoryAdd(""Crop"")",,,,TeacherDeskEmpty,
ClassCrop2,Class2,(Leave it there.),(You leave the crop in the desk and return to the classroom.),,,,,Teacher,TeacherClassroom,
ClassNoCrop1,ClassNoCrop2,,,,,,,,TeacherDeskEmpty,
ClassNoCrop2,,,(The teacher's desk is empty.),,,,,,TeacherDeskEmpty,
ClassNoCrop2,ClassCrop2,(Leave the crop in it.),(You put back the leather crop inside the desk.),,"InventoryDelete(""Crop"")",,,,TeacherDeskCrop,
ClassNoCrop2,Class2,(Inspect the classroom.),(The classroom is empty except for Sidney sitting in the back.),,,,,Teacher,TeacherClassroom,
Awake1,Awake2,,,,,,,Yuki,YukiDeskLean,
Awake2,Awake3,,Please give me a few minutes.  I'm trying to get some rest.,,,,,,,
Awake3,Class1,,(You turn back as Yuki doesn't want to see you.),,,,,,,
Asleep1,Asleep2,,,,,,,Yuki,YukiDeskSleep,
Asleep2,,,(Yuki is sleeping soundly on a student desk.),,,,,,,
Asleep2,WakeUp1,(Wake her up.),(You shake her shoulder to wake her up.),,,,,,,
Asleep2,Asleep2,(Search in her bag.),TO DO - SEARCH YUKI,,,,,,,
Asleep2,Class1,(Go back to your desk.),(You let her sleep and walk back to your desk.),,,,,,,
Asleep2,WakeUp1,InventoryDialogCrop,(You hit the desk hard with your crop to wake her up.),,,,1,,,
WakeUp1,WakeUp2,,,,,,,,YukiDeskWakeUp,
WakeUp2,WakeUp3,,(She seems confused.)  Uh?  Oh lord!  Did I sleep too long?,,,,,,,
WakeUp3,WakeUp4,,I must prepare my next class.  I'm not ready!,,,,,,,
WakeUp4,WakeUp5,,"Take care, PlayerName.  Oh lord!  I'm late!",,,,,,,
WakeUp5,WakeUp6,,(She packs her stuff and leaves detention as the bell rings.),,,,,,,
WakeUp6,WakeUp6,,,,Wait(10),,,,,
