Entry,Intro1,,,,,,,None,SamEnterAngry,
Intro1,Intro2,,"(Sam enters the detention room, she seems furious.)",,"CharacterAdd(""Sam"")",,,,,
Intro2,Intro3,,Detention again!  It's bloody true that history repeats itself.,"!LogQuery(""Sam"", ""StudentPuppy"")",,,,Sam,,
Intro2,Intro3,,Detention again!  I'm not getting stuck in stupid mittens once again.,"LogQuery(""Sam"", ""StudentPuppy"")",,,,Sam,,
Intro3,Intro4A,,"(She sees you and smiles.)  Hello Teacher PlayerName, it's nice to see you.",DialogLoveGreater(1),,,,,SamEnterSmile,
Intro3,Intro4A,,"(She sees you and nods.)  Hello PlayerName, you're stuck in detention once again.","DialogLoveBetween(-4, 0)",,,,,SamEnterTalk,
Intro3,Intro4A,,(She sees you and sighs.)  You again?  My luck is not getting any better.,"DialogLoveBetween(-9, -5)",,,,,SamEnterPompous,
Intro3,Intro4A,,(She sees you and gets angrier.)  Bloody hell!  Stuck with the worst teacher again!,DialogLoveLower(-10),,,,,SamEnterAngry,
Intro4A,Intro4B,,"Look, I'm not in a good mood today.","!LogQuery(""Sam"", ""TeacherPuppy"")",,,,,,
Intro4A,Intro4B,,"Don't make me mad today, or I'll turn you into a dog once again.","LogQuery(""Sam"", ""TeacherPuppy"")",,,,,,
Intro4B,,,Teacher Julia kicked me out of her stupid theater for losers.,,,,,,,
Intro4B,Intro5,What did you do?,Nothing!  Nothing that matters.,,,,,,SamEnterTalk,
Intro4B,Intro5,I'm sure she was right to do it.,"Trust me Teacher PlayerName, she was not.",,,-1,1,,SamEnterShy,
Intro4B,Intro5,She uses detention too often.,"Well said, she cannot handle prestigious students.",,,1,-1,,SamEnterPompous,
Intro4B,Intro5,Tell me your side of the story.,(She nods proudly.)  With pleasure.,,,1,1,,SamEnterSmile,
Intro4B,Intro5,"So, you came to the detention for losers?","You're the loser, I'm an entrepreneur!",,,-1,-1,,SamEnterAngry,
Intro4B,Intro5,"I'm not proud of you, my puppy.",(She blushes and bows her head.)  Please don't call me that.,"LogQuery(""Sam"", ""StudentPuppy"")",,-1,2,,SamEnterShy,
Intro5,Intro6,,Do you remember the silly play we talked about last time?,,,,,,,
Intro6,Intro7,,"In that theater act, she wants me to be a bloody mutt.",,,,,,,
Intro7,Intro8,,"She told me that I could be excused from that roll, but I would need to make the costumes for others.",,,,,,,
Intro8,,,"I'm heir to a large fortune, not a bloody seamstress!",,,,,,,
Intro8,Intro9,"Girl, there's nothing wrong with making costumes.",(She bows her head.)  I know!  But I don't want to do that.,,,,1,,SamEnterShy,
Intro8,Intro9,You're too lazy to work?,Hey!  I'm not lazy!,,,-1,,,SamEnterAngry,
Intro8,Intro9,I guess this role doesn't have enough prestige for you.,(She makes a pompous look.)  That's bloody right!,,,,-1,,SamEnterPompous,
Intro8,Intro9,You could become famous with a star role.,(She nods in agreement.)  Absolutely!,,,1,,,SamEnterSmile,
Intro8,Intro9,"You're nothing special, simply my dog.",(She turns around quickly to check the class and sighs.)  Don't say that.  What if another student comes in?,"LogQuery(""Sam"", ""StudentPuppy"")",,-1,2,,SamEnterShy,
Intro9,Intro10,,This is peasant work.  I can't do such a banal chore.,,,,,,,
Intro10,,,Detention isn't much better though.,"!LogQuery(""Sam"", ""TeacherPuppy"")",,,,,,
Intro10,,,Detention isn't much better though.  Even if my personal puppy is teaching it.,"LogQuery(""Sam"", ""TeacherPuppy"")",,,,,,
Intro10,Costume1,Maybe I could help you to make some costumes.,You want to do them for me?  Fine.,,,,-1,,SamEnterPompous,
Intro10,Costume1,"Come with me, you will create these costumes.",Really?  We can skip detention then.,,,,1,,SamEnterShy,
Intro10,Study1,"Sorry, I cannot make detention fun.","Of course you cannot, you're also a peasant.",,,,-1,,SamEnterPompous,
Intro10,Study1,"Enough complaining, take a seat.","(She gulps.)  Yes, Teacher PlayerName.",,,,1,,SamEnterShy,
Study1,Study2,,(She looks at the class and heads for a desk.),,,,,,,
Study2,Study3,,,,,,,,SamSitFrontTalk,
Study3,Study4,,(She sits on the front desk by the window.),,,,,,,
Study4,Study5,,Let's forget that peasant work and focus on what's important: studying finance.,,,,,,,
Study5,Study6,,,,DialogChangeGrades(1),,,,SamSitFrontStudy,
Study6,Study7,,(She starts to read as you return to your desk.),,,,,,,
Study6,Study7,InventoryDialogPhone,(You keep a picture of her before returning to your desk.),,PictureAdd(),,,,,
Study7,StudyClass,,,,,,,Teacher,TeacherClassroom,
StudyClass,,,(The classroom is empty except for Sam reading by the window.),,,,,Teacher,TeacherClassroom,
StudyClass,StudyClass,(Wait patiently.),(You look around and wait for something to happen.),,Wait(),,,,TeacherClassroom,Clock
StudyClass,StudyClass,(Play a game on your phone.),(You play a puzzle game on your phone as the clock ticks.  Sam looks away.),"!LogQuery(""Evelyn"", ""PhoneControl"")",PlayPhone(),,,,TeacherClassroomPhone,Clock
StudyClass,StudyClass,(Play a game on your phone.),"(A padlock appears on your phone, you can read: Games blocked by your phone administrator)","LogQuery(""Evelyn"", ""PhoneControl"")",,,,,TeacherClassroomPhone,Clock
StudyClass,StudyCheck1,(Check on Sam.),(You leave your desk to go check on Sam.),,,,,,,
StudyClass,StudyCrop1,SecretDialog,,"!InventoryAvailable(""Crop"")",,400,500,400,300,
StudyClass,StudyNoCrop1,SecretDialog,,"InventoryAvailable(""Crop"")",,400,500,400,300,
StudyCrop1,StudyCrop2,,,,,,,,TeacherDeskCrop,
StudyCrop2,,,(There's a leather crop inside the teacher's desk.),,,,,,TeacherDeskCrop,
StudyCrop2,StudyNoCrop2,(Take the leather crop.),(You take the leather crop and keep it for yourself.),,"InventoryAdd(""Crop"")",,,,TeacherDeskEmpty,
StudyCrop2,StudyClass,(Leave it there.),(You leave the crop in the desk and return to the classroom.),,,,,,TeacherClassroom,
StudyNoCrop1,StudyNoCrop2,,,,,,,,TeacherDeskEmpty,
StudyNoCrop2,,,(The teacher's desk is empty.),,,,,,TeacherDeskEmpty,
StudyNoCrop2,StudyCrop2,(Leave the crop in it.),(You put back the leather crop inside the desk.),,"InventoryDelete(""Crop"")",,,,TeacherDeskCrop,
StudyNoCrop2,StudyClass,(Inspect the classroom.),(The classroom is empty except for Sarah sitting by the window.),,,,,,TeacherClassroom,
StudyCheck1,StudyCheck2,,,,,,,Sam,SamSitFrontStudy,
StudyCheck2,,,(Sam is studying peacefully.),,,,,,,
StudyCheck2,Costume1,Maybe I could help you to make some costumes.,(She turns to you.)  You want to do them for me?  Fine.,,,,-1,,SamSitFrontTalk,
StudyCheck2,Costume1,"Come with me, you will create these costumes.",(She turns to you.)  Really?  We can skip detention then.,,,,1,,SamSitFrontTalk,
StudyCheck2,StudyCheck3,I could help you to study.,(She turns to you and shrugs.)  It could be useful for the next exam.,,,,,,SamSitFrontTalk,
StudyCheck2,StudyClass,(Leave her alone.),(You return to your desk.),,,,,,,
StudyCheck3,StudyCheck4,,"You're strong, maybe you can help me with economics.",DialogDominationGreater(5),,,,,,
StudyCheck3,StudyCheck4,,"You're poor, I'm not sure you can help me with economics.","DialogDominationBetween(-4, 4)",,,,,,
StudyCheck3,StudyCheck4,,"You're dirt poor, there's no way you can help me with economics.",DialogDominationLower(-5),,,,,,
StudyCheck4,,,I guess we could do this homework.,,,,,,,
StudyCheck4,StudyCheck5,(Give her all the answers right away.),(You give her all the answers and finish her homework quickly.),,DialogChangeGrades(1),1,-1,,SamSitFrontStudy,Clock
StudyCheck4,StudyCheck5,(Help her a little but make sure she works.),"(You try your best to help her to learn, not giving the answers right away.)",,DialogChangeGrades(5),,,,SamSitFrontStudy,Clock
StudyCheck4,StudyCheck5,(Let her search on her own.),"(You stay rigorous, not giving any answer and letting her do the work.)",,DialogChangeGrades(3),-1,1,,SamSitFrontStudy,Clock
StudyCheck4,StudyCheck5,(Give her the wrong answers.),(You trick her and give her lots of wrong answers that she memorizes.),,DialogChangeGrades(-4),1,,,SamSitFrontStudy,Clock
StudyCheck5,StudyCheck6,,"(You work together for the whole class, until the bell rings.)",,,,,,,
StudyCheck6,OUTRO,,(She smiles at you before leaving.),DialogLoveGreater(1),,,,,,
StudyCheck6,OUTRO,,(She salutes you before leaving.),"DialogLoveBetween(-9, 0)",,,,,,
StudyCheck6,OUTRO,,(She ignores you and leaves quickly.),DialogLoveLower(-10),,,,,,
Costume1,Costume2,,(You leave detention together and head for the theater storage.),,,,,,,
Costume2,Costume3,,,,,,,None,TeacherSamTheaterStorageEnter,
Costume3,Costume4,,"(The storage is full of costumes, material and tools to make clothes.)",,,,,,,
Costume4,Costume5,,What a dull and unorganized place.,"!LogQuery(""Sam"", ""TeacherPuppy"")",,,,Sam,,
Costume4,Costume5,,"What an unorganized place.  Just like your doghouse, puppy.","LogQuery(""Sam"", ""TeacherPuppy"")",,,,Sam,,
Costume5,,,Who can work in such a bloody mess?,,,,,,,
Costume5,Costume6,We can do anything together.,"That's kind, you're very positive.",,,1,,,,
Costume5,Costume6,"You're right, I'll clean a little.","Teacher and maid, all in one.",,,,-1,,,
Costume5,Costume6,"You will work today, trust me.","Fine, fine, fine.  I understand.",,,,1,,,
Costume5,Costume6,Do you ever stop complaining?,You're such a grumpy teacher.,,,-1,,,,
Costume6,Costume7,,,,,,,,SamTheaterStorageTalk,
Costume7,Costume8,,"We could make medieval dresses, a stupid animal costume or create some props.",,,,,,,
Costume7,Costume8,InventoryDialogPhone,(She smiles as you take a picture of her.),,PictureAdd(),1,,,,
Costume8,,,What do you want to make?,,,,,,,
Costume8,Costume9,What about that puppy costume?,"(She shrugs.)  Sure, we could try to create that.",,,,,,,
Costume8,Dom1,We will finish your dog outfit.,(She gulps and bows her head.)  This bloody costume again?,"LogQuery(""Sam"", ""StudentPuppy"")",,-1,1,,,
Costume8,Sub1,(Blush.)  We could finish my puppy costume.,"(She smirks and nods.)  What a great idea, my little puppy.","LogQuery(""Sam"", ""TeacherPuppy"")",,1,-1,,,
Costume8,Medieval1,Let's do some medieval costumes.,(She shrugs and nods.)  It could be amusing.,,,,,,,
Costume8,Costume9,InventoryDialogPuppyMittens,(You produce the puppy mittens.)  We could make the costume that goes with it.,"!LogQuery(""Sam"", ""StudentPuppy"")",,,,,,
Costume8,Dom1,InventoryDialogPuppyMittens,(You grin and show the puppy mittens.)  This bloody costume again?,"LogQuery(""Sam"", ""StudentPuppy"")",,-1,1,,,
Costume9,Costume10,,It will be quite a challenge.  You must help me.,"!LogQuery(""Sam"", ""TeacherPuppy"")",,,,,,
Costume9,Costume10,,I remember that you were looking fine on all fours as a mutt.,"LogQuery(""Sam"", ""TeacherPuppy"")",,,,,,
Costume10,GetPuppyMittens1,,You can start with these mittens.  I've kept them from last detention.,"!InventoryAvailable(""PuppyMittens"")",,,,,,
Costume10,Costume11,,We can start with the paw mittens.  I'm sure you still have them.,"InventoryAvailable(""PuppyMittens"")",,,,,,
GetPuppyMittens1,GetPuppyMittens2,,,,,,,,PuppyMittens,
GetPuppyMittens2,GetPuppyMittens3,,(She pulls puppy mittens from her school bag.),,,,,,,
GetPuppyMittens3,GetPuppyMittens4,,"Don't strap them too tight, or they become very hard to remove.",,,,,,,
GetPuppyMittens4,Costume11,,(You put the mittens in your briefcase.),,"InventoryAdd(""PuppyMittens"")",,,,,
Costume11,Costume12,,One of us will need to make the outfit while the other models and wears it.,,,,,,,
Costume12,,,Who will be the bloody model?,,,,,,SamTheaterStorageTalk,
Costume12,Dom1,You will be the puppy model.,(She nods and bows and head.)  Fine.,DialogDominationGreater(3),,-1,1,,,
Costume12,Sub1,You will be the puppy model.,"(She shakes her head from left to right.)  Forget it, you'll be my dog.",DialogDominationLower(2),,-1,1,,,
Costume12,Sub1,Should I be the puppy model?,(She grins and nods.)  That was my plan.,,,,-1,,,
Dom1,Dom2,,,,,,,,SamTheaterStorageShy,
Dom2,Dom3,,"(She blushes a little.)  If I wear the puppy outfit, you'll need to make it.",,,,,,,
Dom3,Dom4,,But please don't tell Teacher Julia.  I'm supposed to create it alone.,,,,,,,
Dom4,,,What do we do first?,,,,,,,
Dom4,Dom5,Please get comfy while I work on your costume.,"That sounds good, you can do the mundane work.",,,,-1,,,
Dom4,Dom5,Simply relax while I check the storage.,"Alright, I hope you find something good.",,,,,,,
Dom4,Dom5,"Sit on the ground, like a good puppy.",(She looks at the ground and nods.),,,,1,,,
Dom5,Dom6,,,,,,,,SamTheaterStorageSitGround,
Dom6,Dom7,,(She sits on the ground and waits patiently.),,,,,,,
Dom7,Dom8,,(You come back with a box full of items from the storage.),,,,,,,
Dom8,,,"I'm bloody curious, what did you find?",,,,,,,
Dom8,DomHair1,Curiousity killed the pet.,(She pouts.)  No need to sermon me.,,,-1,,,,
Dom8,DomHair1,"Be patient, my little puppy.","(She bows her head.)  Yes, yes, yes.  I know.",,,,1,,,
Dom8,DomHair1,"Don't worry, you will be adorable.",(She smiles.)  This is kind.,,,1,,,,
Dom8,DomHair1,Curiousity is a virtue.,(She nods proudly.)  We think alike.,,,,-1,,,
DomHair1,DomHair2,,Your hairstyle is also part of your costume.  Let's create your ears.,,,,,Teacher,,
DomHair2,DomHair3,,,,,,,Sam,SamTheaterStorageSitGroundPuppyHair,
DomHair3,DomHair4,,(She seems amused as you rearrange her hair to create two dog ears.),,,,,,,
DomHair3,DomHair4,InventoryDialogPhone,(She smiles at you as you zoom in on her new hairstyle.),,PictureAdd(),1,,,,
DomHair4,DomHair5,,(She shakes her new ears and barks for you.)  Woof!,DialogDominationGreater(9),,,,,,
DomHair4,DomHair5,,(She shakes her head to flap her new ears.),"DialogDominationBetween(1, 8)",,,,,,
DomHair4,DomHair5,,Let's not waste too much time on the hairstyle.,DialogDominationLower(0),,,,,,
DomHair5,Dom9,,"To immerse yourself, you need to feel like a puppy.  You need to become one.",,,,,Teacher,,
Dom9,Dom10,,Remove everything but your underwear.  We will try that costume.,,,,,,,
Dom10,Dom11,,,,,,,Sam,SamUnderwearTheaterStorageSitGroundPuppyHair,
Dom11,Dom12,,(She happily gives you her clothes.),DialogLoveGreater(3),,,,,,
Dom11,Dom12,,(She removes her clothes and puts them away.),"DialogLoveBetween(-7, 2)",,,,,,
Dom11,Dom12,,(She grumbles and throws her clothes away.),DialogLoveLower(-8),,,,,,
Dom11,Dom12,InventoryDialogPhone,(She doesn't seem to appreciate the kinky picture you take.),,PictureAdd(),-1,,,,
Dom12,Dom13,,"(She shivers and whimpers, getting comfy on the ground.)",DialogDominationGreater(9),,,,,,
Dom12,Dom13,,Laying on the ground like that is embarrassing.  I have royal blood you know.,"DialogDominationBetween(1, 8)",,,,,,
Dom12,Dom13,,"This feels weird, you should be on the ground like a peasant, not me.",DialogDominationLower(0),,,,,,
Dom13,Dom14,,Let's hope nobody comes here.,"!LogQuery(""Sam"", ""StudentPuppy"")",,,,,,
Dom13,Dom14,,Please don't strap the mittens too tight this time.,"LogQuery(""Sam"", ""StudentPuppy"")",,,,,,
Dom14,Dom15,,"(You pull a bodysuit, some ballet shoes and a leather collar from the box.)",,,,,,,
Dom15,Dom16,,,,,,,,SamBodysuitTheaterStorageSitGround,
Dom16,Dom17,,(You help her to wear everything as she stares in disbelief.),,,,,,,
Dom16,Dom17,InventoryDialogPhone,(She raises one eyebrow as you save the moment.),,PictureAdd(),,,,,
Dom17,,,This is quite a bloody costume!  How do I look?,,,,,,,
Dom17,Dom18,"Face it, you were born to be a dog.",(She pouts.)  I can't believe you're saying that.,,,-1,1,,,
Dom17,Dom18,You look good in anything.,(She smiles proudly.)  Of course!,,,1,-1,,,
Dom17,Dom18,"Adorable, but your transformation isn't finished.",(She smiles and gives you a curious look.),,,1,1,,,
Dom17,Dom18,"I'm not sure, maybe I need more stuff.",(She sighs and shrugs along with you.),,,-1,-1,,,
Dom18,Dom19,,,,,,,,SamBodysuitTheaterStorageSitGroundStare,
Dom19,Dom20,,I don't understand why I'm sitting on the ground to change.,,,,,,,
Dom19,Dom20,InventoryDialogPhone,(She adjusts her collar as you take a picture.),,PictureAdd(),,,,,
Dom20,,,Should I stand up?,,,,,,,
Dom20,DomTail1,It's to get you in the puppy role mindset.,Very clever!  Like a method actor.  I understand.,,,1,,,,
Dom20,DomTail1,Mutts don't stand up and they don't argue.,Fine!  There's no need to be so grumpy.,,,-1,1,,,
Dom20,DomTail1,Be a good dog and stay there.,(She nods and stays on the ground.),,,,,,,
DomTail1,DomTail2,,"Put your hands up, little pup.  We will add another accessory.",,,,,Teacher,,
DomTail2,DomTail3,,,,,,,Sam,SamBodysuitHarnessTheaterStorageSitGround,
DomTail3,DomTail4,,(She gets her hands as you strap a red leather harness on her torso.),,,,,,,
DomTail3,DomTail4,InventoryDialogPhone,(She stares at the harness as you keep a picture.),,PictureAdd(),,,,,
DomTail4,DomTail5,,What the bloody hell?  I'm not pulling your sled.,,,,,,,
DomTail5,DomTail6,,It's a little restrictive but it's cute.  And it will fix your next item.,,,,,Teacher,,
DomTail6,DomTail7,,"Now get your butt up, doggy style.",,,,,,,
DomTail7,DomTail8,,,,,,,Sam,SamBodysuitHarnessTailTheaterStorageSitDoggy,
DomTail8,DomTail9,,(You strap a dog tail behind her back as she blushes.),,,,,,,
DomTail8,DomTail9,InventoryDialogPhone,(She looks at the ground as you save the moment.),,PictureAdd(),,,,,
DomTail9,Dom21,,This is beyond embarrassing.  What a costume!,,,,,,,
Dom21,Dom22,,I hope Teacher Julia will like it and won't fail me.,,,,,,,
Dom22,,,Please tell her that I've made lots of effort when you meet her.,,,,,,,
Dom22,Dom23,(Don't say anything to Julia about that.),(She tries to see what's in your box.),,,,,,,
Dom22,Dom23,(Inform Julia later that Sam made lots of effort.),(She tries to see what's in your box.),,DialogChangeGrades(3),,,,,
Dom22,Dom23,(Inform Julia later that you made Sam's costume alone.),(She tries to see what's in your box.),,DialogChangeGrades(-3),,,,,
Dom23,Dom24,,You have more bloody articles in there.,,,,,,,
Dom24,,,What else do you have in mind?,,,,,,,
Dom24,SamPuppyMittens1,We can try these mittens on you.,(She looks at the mittens and nods.),,,,,,,
Dom24,SamPuppyStraps1,(Get some long leather straps.),(She gulps as you pull out long leather straps.),,,,1,,,
Dom24,TheaterEnd1,We don't have enough time.  Dress back up.,(She nods and dresses back up.),,,,,,TeacherSamTheaterStorageEnter,
Dom24,SamPuppyMittens1,InventoryDialogPuppyMittens,(You stay silent and pull the mittens out.),,,,1,,,
SamPuppyMittens1,SamPuppyMittens2,,,,,,,,SamBodysuitMittensTheaterStorageSitGround,
SamPuppyMittens2,SamPuppyMittens3,,(You strap the mittens tightly around her wrists.),,,,,,,
SamPuppyMittens3,SamPuppyMittens4,,"(She tries to remove the mittens, but they don't move.)  This is too tight, I'm stuck!","!LogQuery(""Sam"", ""StudentPuppy"")",,,,,,
SamPuppyMittens3,SamPuppyMittens4,,Stuck in bloody puppy mittens again.  That's quite a sight.,"LogQuery(""Sam"", ""StudentPuppy"")",,,,,,
SamPuppyMittens3,SamPuppyMittens4,InventoryDialogPhone,(She looks at you as you take a picture.)  Send it only to Teacher Julia.,,PictureAdd(),,,,,
SamPuppyMittens4,,,It will be bloody clumsy to stand up like that.,,,,,,,
SamPuppyMittens4,SamPuppyMittens5,Dogs don't stand.  Get on your knees girl.,(She nods slowly and gets clumsily on her knees.),,,,1,,,
SamPuppyMittens4,SamPuppyMittens5,"I'm not sure, try to get on your knees.",(She fumbles with the mittens and gets on her knees.),,,,-1,,,
SamPuppyMittens4,SamPuppyMittens5,Let's see what you can do.,(She tries to stand but fumbles and gets on her knees.),,,,,,,
SamPuppyMittens5,SamPuppyMittens6,,,,,,,,SamBodysuitMittensTheaterStorageKneel,
SamPuppyMittens6,SamPuppyMittens7,,This is embarrassing.  How low must I go for some bloody grades?,,,,,,,
SamPuppyMittens6,SamPuppyMittens7,InventoryDialogPhone,(She stares at your phone for a puppy picture.),,PictureAdd(),,,,,
SamPuppyMittens7,SamPuppyMittens8,,(She shakes the mittens.)  It feels weird to be trapped in these mittens.,,,,,,,
SamPuppyMittens8,,,Does this complete the costume?,,,,,,,
SamPuppyMittens8,SamPuppyStraps1,"Enough talking, bitch.  (Get some straps.)",(She grumbles as you remove her mittens and get long leather straps.),,,-1,,,,
SamPuppyMittens8,SamPuppyStraps1,We could make it even cuter.  (Get some straps.),(She giggles as you remove her mittens and get long leather straps.),,,1,,,,
SamPuppyMittens8,SamPuppyStraps1,(Pull some leather straps.),(She stares as you remove her mittens and get long leather straps.),,,,,,,
SamPuppyMittens8,TheaterEnd1,"Yes, that's enough, I'll release you.",(She nods and dresses back up as you release her.),,,,,,TeacherSamTheaterStorageEnter,
SamPuppyStraps1,SamPuppyStraps2,,,,"DialogVariableSet(""Gag"", ""None"")",,,,SamBodysuitStrapsTheaterStorageSitGround,
SamPuppyStraps2,SamPuppyStraps3,,(You wrap and buckle the leather belts tightly around her arms and legs.),,,,,,,
SamPuppyStraps3,SamPuppyStraps4,,(She wiggles her limbs in vain.)  What the bloody hell?,,,,,,,
SamPuppyStraps3,SamPuppyStraps4,InventoryDialogPhone,(You save an image of her on your phone.)  I really hope Teacher Julia will like it.,,PictureAdd(),,,,,
SamPuppyStraps4,,,I can barely move.  Is it necessary to make it so tight?,,,,,,,
SamPuppyStraps4,SamPuppyStraps5,Sorry if it's too tight.,(She struggles and clumsily adjusts to her bondage.),,,,-1,,,
SamPuppyStraps4,SamPuppyStraps5,Try to get on all fours.,(She nods and clumsily gets on all four limbs.),,,,,,,
SamPuppyStraps4,SamPuppyStraps5,"The tighter, the better.",(She gulps and clumsily adjusts to her bondage.),,,,1,,,
SamPuppyStraps4,SamPuppyStrapsGag1,InventoryDialogPanelGag,(You swiftly silence her with a panel gag.),,"DialogVariableSet(""Gag"", ""Panel"")",,1,,SamBodysuitStrapsPanelGagTheaterStorageSitGround,
SamPuppyStraps4,SamPuppyStrapsGag1,InventoryDialogBallgag,(You swiftly silence her with a ball gag.),,"DialogVariableSet(""Gag"", ""Ball"")",,1,,SamBodysuitStrapsBallGagTheaterStorageSitGround,
SamPuppyStraps5,SamPuppyStraps6,,,,,,,,SamBodysuitStrapsTheaterStorageAllFours,
SamPuppyStraps6,SamPuppyStraps7,,(She carefully lowers herself and crawls clumsily in her restraints.),,,,,,,
SamPuppyStraps7,SamPuppyStraps8,,It feels bloody strange to be strapped up on all fours.  I'm too rich for that.,,,,,,,
SamPuppyStraps7,SamPuppyStraps8,InventoryDialogPhone,(She blushes as you capture her bondage on your phone.),,PictureAdd(),,1,,,
SamPuppyStraps8,SamPuppyStraps9,,"(She wiggles her bound arms happily.)  On the bright side, I'm doing it with you, Teacher PlayerName.",DialogLoveGreater(4),,,,,,
SamPuppyStraps8,SamPuppyStraps9,,"(She wiggles her bound arms.)  It's fine to do it with you, Teacher PlayerName.","DialogLoveBetween(-3, 3)",,,,,,
SamPuppyStraps8,SamPuppyStraps9,,"(She wiggles her bound arms.)  Teacher PlayerName, this might not be a good idea.","DialogLoveBetween(-10, -4)",,,,,,
SamPuppyStraps8,SamPuppyStraps9,,(She wiggles her bound arms.)  And I'm stuck with the worst teacher.,DialogLoveLower(-11),,,,,,
SamPuppyStraps9,,,"This is enough, it's time to release me.",,,,,,,
SamPuppyStraps9,SamPuppyStraps10,"Not yet, we need to talk first.",(She nods and stares at you.),,,,,,,
SamPuppyStraps9,SamPuppyStraps10,"Patience, my lovely little puppy.",(She struggles a little and nods in agreement.),,,1,-1,,,
SamPuppyStraps9,SamPuppyStraps10,"You cannot tell me what to do, bitch.",(She sighs and quiets down.),,,-1,1,,,
SamPuppyStraps9,SamPuppyStraps10,InventoryDialogPanelGag,(You swiftly silence her with a panel gag.),,"DialogVariableSet(""Gag"", ""Panel"")",,1,,SamBodysuitStrapsPanelGagTheaterStorageAllFours,
SamPuppyStraps9,SamPuppyStraps10,InventoryDialogBallgag,(You swiftly silence her with a ball gag.),,"DialogVariableSet(""Gag"", ""Ball"")",,1,,SamBodysuitStrapsBallGagTheaterStorageAllFours,
SamPuppyStrapsGag1,SamPuppyStrapsGag2,,,,,,,,,
SamPuppyStrapsGag2,SamPuppyStrapsGag3,,(She whimpers and chews on the gag.  Pleading with her eyes.),,,,,,,
SamPuppyStrapsGag2,SamPuppyStrapsGag3,InventoryDialogPhone,(She doesn't seem to appreciate the naughty picture.),,PictureAdd(),-1,,,,
SamPuppyStrapsGag3,SamPuppyStrapsGag4,,Hheekher!  Hhis hhis hhighh!,,,,,,,
SamPuppyStrapsGag4,SamPuppyStrapsGag5,,"Get on all fours, we'll see if my puppy can walk.",,,,,Teacher,,
SamPuppyStrapsGag5,SamPuppyStraps10,,(She grumbles in her gag and slowly gets on all fours.),,,,,Sam,,
SamPuppyStraps10,SamPuppyStraps11,,,"DialogVariableIs(""Gag"", ""None"")",,,,,TeacherSamBodysuitStrapsTheaterStorageAllFoursTalk,
SamPuppyStraps10,SamPuppyStraps11,,,"DialogVariableIs(""Gag"", ""Panel"")",,,,,TeacherSamBodysuitStrapsPanelGagTheaterStorageAllFoursTalk,
SamPuppyStraps10,SamPuppyStraps11,,,"DialogVariableIs(""Gag"", ""Ball"")",,,,,TeacherSamBodysuitStrapsBallGagTheaterStorageAllFoursTalk,
SamPuppyStraps11,SamPuppyStraps12,,"Sam, for years, all you thought about was money and status.",,,,,Teacher,,
SamPuppyStraps12,SamPuppyStraps13,,"As a puppy, you don't need to worry about anything like that.",,,,,,,
SamPuppyStraps13,SamPuppyStraps14,,A dog is humble and docile.  She cares about her owner and being fed.,,,,,,,
SamPuppyStraps14,SamPuppyStraps15,,"I understand, Teacher PlayerName.  (She takes a more submissive pose.)","DialogVariableIs(""Gag"", ""None"")",,,,Sam,,
SamPuppyStraps14,SamPuppyStraps15,,"(She chews on the panel gag and nods, taking a more submissive pose.)","DialogVariableIs(""Gag"", ""Panel"")",,,,Sam,,
SamPuppyStraps14,SamPuppyStraps15,,"(She chews on the ball gag and nods, taking a more submissive pose.)","DialogVariableIs(""Gag"", ""Ball"")",,,,Sam,,
SamPuppyStraps15,SamPuppyStraps16,,,"DialogVariableIs(""Gag"", ""None"")",,1,1,,TeacherSamBodysuitStrapsTheaterStorageSitGroundPet,
SamPuppyStraps15,SamPuppyStraps16,,,"DialogVariableIs(""Gag"", ""Panel"")",,1,1,,TeacherSamBodysuitStrapsPanelGagTheaterStorageSitGroundPet,
SamPuppyStraps15,SamPuppyStraps16,,,"DialogVariableIs(""Gag"", ""Ball"")",,1,1,,TeacherSamBodysuitStrapsBallGagTheaterStorageSitGroundPet,
SamPuppyStraps16,SamPuppyStraps17,,(You pet her head slowly.)  Forget about your millionaire problems and enjoy yourself.,,"LogAdd(""Sam"", StudentPuppyStraps"")",,,Teacher,,
SamPuppyStraps17,SamPuppyStraps18,,"Submit to the restraints and accept your fate, you're a puppy now.",,,,,,,
SamPuppyStraps18,,,(She enjoys the caresses and moans softly.),,,,,Sam,,
SamPuppyStraps18,SamPuppyStraps19,"Shake your butt for me, puppy.",(She bows her head and shakes her butt submissively.),DialogDominationGreater(10),,,,,,
SamPuppyStraps18,SamPuppyStraps19,"Shake your butt for me, puppy.",(She grumbles and twists her butt a little for you.),"DialogDominationBetween(3, 9)",,,,,,
SamPuppyStraps18,SamPuppyStraps19,"Shake your butt for me, puppy.",(She refuses and goes back on all fours.),DialogDominationLower(2),,,,,,
SamPuppyStraps18,SamPuppyStraps19,"Forget your classes, become a full dog.",(She nods at your words and lowers herself again.),,DialogChangeGrades(-2),,,,,
SamPuppyStraps18,SamPuppyStraps19,Learning to surrender will help you in college.,(She nods at your words and lowers herself again.),,DialogChangeGrades(2),,,,,
SamPuppyStraps19,SamPuppyStraps20,,,"DialogVariableIs(""Gag"", ""None"")",,,,,SamBodysuitStrapsTheaterStorageAllFours,
SamPuppyStraps19,SamPuppyStraps20,,,"DialogVariableIs(""Gag"", ""Panel"")",,,,,SamBodysuitStrapsPanelGagTheaterStorageAllFours,
SamPuppyStraps19,SamPuppyStraps20,,,"DialogVariableIs(""Gag"", ""Ball"")",,,,,SamBodysuitStrapsBallGagTheaterStorageAllFours,
SamPuppyStraps20,SamPuppyStraps21,,The bell will ring soon.  I'll have to release you.,,,,,Teacher,,
SamPuppyStraps21,SamPuppyStraps22,,"Remember to be humble, docile and loyal, like the good dog you are.",,,,,,,
SamPuppyStraps21,SamPuppyStraps22,InventoryDialogPhone,(You keep a souvenir as you continue with your speech.),,"PictureAdd(""Sam"")",,,,,
SamPuppyStraps22,SamPuppyStraps23,,"If you're sent to detention again, I'll have to puppy train you.",,,,,,,
SamPuppyStraps23,SamPuppyStraps24,,"If you cannot be good, you might end up chained to my doghouse.",,,,,,,
SamPuppyStraps24,SamPuppyEnd1,,(You start to release her.),,,,,,,
SamPuppyEnd1,SamPuppyEnd2,,,,,,,Sam,SamBodysuitTheaterStorageSitGroundStare,
SamPuppyEnd2,SamPuppyEnd3,,"Thanks for freeing me, Teacher PlayerName.  I'll remember what you've said.",DialogDominationGreater(10),,,,,,
SamPuppyEnd2,SamPuppyEnd3,,"Thanks, PlayerName.  I'll try to remember what you've said.","DialogDominationBetween(3, 9)",,,,,,
SamPuppyEnd2,SamPuppyEnd3,,Finally!  That was such bloody abuse.,DialogDominationLower(2),,,,,,
SamPuppyEnd3,,,I'm kind of sad this class is over though.  I love spending time with you.,DialogLoveGreater(4),,,,,,
SamPuppyEnd3,,,"The class is over, but it wasn't too bad.","DialogLoveBetween(-3, 3)",,,,,,
SamPuppyEnd3,,,I'm glad this class is over.  It was a pain.,"DialogLoveBetween(-10, -4)",,,,,,
SamPuppyEnd3,,,I'm bloody glad this class is over.  I hate being in detention with you.,DialogLoveLower(-11),,,,,,
SamPuppyEnd3,SamPuppyEnd4,"Take care, my adorable pup.",(She smiles and starts to dress back up.),,,1,,,,
SamPuppyEnd3,SamPuppyEnd4,"Next time, you'll be on my leash.",(She gulps and starts to dress back up.),,,,1,,,
SamPuppyEnd3,SamPuppyEnd4,I hope it wasn't too harsh.,(She nods and starts to dress back up.),,,,-1,,,
SamPuppyEnd3,SamPuppyEnd4,Get lost.,(She complains and starts to dress back up.),,,-1,,,,
SamPuppyEnd4,TheaterEnd1,,,,,,,,TeacherSamTheaterStorageEnter,
Sub1,Sub2,,,,,,,,SamTheaterStorageProud,
Sub2,Sub3,,It will be amusing to dress you up as a puppy.,"!LogQuery(""Sam"", ""TeacherPuppy"")",,,,,,
Sub2,Sub3,,"Once again, it will be amusing to restrain you up as a puppy.","LogQuery(""Sam"", ""TeacherPuppy"")",,,,,,
Sub3,Sub4,,And Teacher Julia might not bloody fail me in theater class.,,,,,,,
Sub4,Sub5,,(She starts to rummage in the storage boxes.),,,,,,,
Sub5,Sub6,,,,,,,,SamTheaterStorageBox,
Sub6,Sub7,,"(She smirks.)  I think I found the perfect items for you, little pet.",,,,,,,
Sub7,Sub8,,"If I dress you up as a dog, you need to act and think like one.",,,,,,,
Sub8,,,"Will you be my obedient puppy, PlayerName?",,,,,,,
Sub8,Sub9,Woof!,(She smirks and starts to rearrange your hair.),,,1,-1,,,
Sub8,Sub9,"Alright, but next time you will be mine.",We'll see about that.  (She starts to rearrange your hair.),,,1,1,,,
Sub8,Sub9,(Nod happily.),(She smiles and starts to rearrange your hair.),,,1,,,,
Sub8,TheaterEnd1,"No, let's forget about all of this.",(She puts the box back and sighs.)  Fine.  We can waste our time here.,DialogDominationGreater(-4),,-1,1,,TeacherSamTheaterStorageEnter,
Sub8,Sub9,"No, let's forget about all of this.",Mutts don't make decisions.  (She grabs your hair and starts to rearrange your style.),DialogDominationLower(-5),,-1,1,,,
Sub9,Sub10,,,,,,,,TeacherPuppyHairTheaterStorageZoom,
Sub10,Sub11,,(She adjusts your hair to make two dog ears.)  Aren't you pretty?,,,,,,,
Sub10,Sub11,InventoryDialogPhone,(She laughs and captures your new look on her phone.),,"PictureAdd(""Teacher"")",,,,,
Sub11,Sub12,,"Now let's build your costume, it will be adorbs.",,,,,,,
Sub12,,,Get in your underwear.,,,,,,,
Sub12,Sub13,This is too much.  (Undress reluctantly.),"(She stares at you, as you get into your undies.)",,,-1,1,,,
Sub12,Sub13,You're so naughty.  (Undress happily.),"(She stares at you, as you get into your undies.)",,,1,,,,
Sub12,Sub13,Let's not get caught.  (Undress quickly.),"(She stares at you, as you get into your undies.)",,,,-1,,,
Sub13,Sub14,,,,,,,,TeacherUnderwearPuppyHairTheaterStorageShy,
Sub14,Sub15,,"Don't be shy my puppy, you have a great shape.",,,,,,,
Sub14,Sub15,InventoryDialogPhone,(She smiles and sends you a naughty picture.),,"PictureAdd(""Teacher"")",,,,,
Sub15,Sub16,,"No worries, you will be bloody covered, I have the perfect suit for you.",,,,,,,
Sub16,Sub17,,"(She pulls a spandex bodysuit, some ballet shoes and a collar.)",,,,,,,
Sub17,Sub18,,,,,,,,TeacherBodysuitPuppyHairTheaterStorageShy,
Sub18,Sub19,,(You slowly put on the items.  It feels warm inside the suit.),,,,,,,
Sub18,Sub19,InventoryDialogPhone,(She pets your head and captures the moment.),,"PictureAdd(""Teacher"")",,,,,
Sub19,Sub20,,"My pup, this is more than a costume, this is your bloody skin.",,,,,,,
Sub20,,,"As an animal, you cannot stand up like that.  Get on the ground.",,,,,,,
Sub20,Sub21,"Yes, Trainer Samriddhi.  (Kneel down.)",(She grins as you kneel down.),,,,-1,,,
Sub20,Sub21,"Sure, it will get me in role.  (Kneel down.)",(She smiles as you kneel down.),,,1,,,,
Sub20,Sub21,I cannot do that.,You can and you will.  (She forces you to kneel down.),,,,1,,,
Sub20,Sub21,What if somebody comes?,That doesn't concern you.  (She forces you to kneel down.),,,-1,,,,
Sub21,Sub22,,,,,,,,TeacherBodysuitPuppyHairTheaterStorageKneel,
Sub22,Sub23,,This will be your first rule: a puppy is not allowed to stand or go on furniture.,,,,,,,
Sub22,Sub23,InventoryDialogPhone,(She makes a thumbs up and keeps a few images of you.),,"PictureAdd(""Teacher"")",,,,,
Sub23,Sub24,,"The ground is your new bloody level, never higher.",,,,,,,
Sub24,SubHarness1,,I have two special items for you.  Get your hands up!,,,,,,,
SubHarness1,SubHarness2,,,,,,,,TeacherBodysuitHarnessPuppyHairTheaterStorageKneel,
SubHarness2,SubHarness3,,(She wraps a leather harness around your torso and attaches it behind your back.),,,,,,,
SubHarness2,SubHarness3,InventoryDialogPhone,(She grins and zooms on the harness to immortalize her work.),,"PictureAdd(""Teacher"")",,,,,
SubHarness3,SubHarness4,,It's bloody tight around the waist but it will help for the next prop.,,,,,,,
SubHarness4,SubHarness5,,Hands on the floors!  (You get down on all fours as she opens the box again.),,,,,,,
SubHarness5,SubHarness6,,,,,,,,TeacherBodysuitHarnessTailPuppyHairTheaterStorageAllFour,
SubHarness6,SubHarness7,,(She attaches a tail behind your back and laughs out loud.),,,,,,,
SubHarness6,SubHarness7,InventoryDialogPhone,(She adds a picture to her kinky collection.),,"PictureAdd(""Teacher"")",,,,,
SubHarness7,SubHarness8,,Adorbs!   You were born to be a mutt.,,,,,,,
SubHarness8,,,I bet you start to feel like an animal.,,,,,,,
SubHarness8,SubHarness9,"I'm nervous, maybe this is not a good plan.",I decide if it's a good plan or not.,,,-1,-1,,,
SubHarness8,SubHarness9,"It's wonderful to be your pet, trainer Sam.","That's good, I want a happy puppy.",,,1,-1,,,
SubHarness8,SubHarness9,"Sam, next time you will be the dog.","I don't think so, we'll see about that.",,,,2,,,
SubHarness8,SubHarness9,(Shake your butt at her and laugh.),(She laughs and claps her hands.),,,2,,,,
SubHarness8,SubHarness9,Woof!  Woof!,Such an obedient little puppy.,,,,-2,,,
SubHarness8,SubHarness9,"That's enough, get me out.","Not yet, little ungrateful mutt.",,,-1,1,,,
SubHarness8,SubMittens1,InventoryDialogPuppyMittens,(You go fetch the puppy mittens with your teeth.)  What a good bitch!,,,1,-1,,,
SubHarness9,SubStraps1,,(She pulls many leather belts out and grins.),,,,,,,
SubMittens1,SubMittens2,,,,,,,,TeacherBodysuitMittensPuppyHairTheaterStorageShy,
SubMittens2,SubMittens3,,(She straps the puppy props tightly around your wrists.),,,,,,,
SubMittens2,SubMittens3,InventoryDialogPhone,(She laughs and saves a picture.)  This must be humiliating.,,"PictureAdd(""Teacher"")",,-1,,,
SubMittens3,SubMittens4,,I bet this feels bloody nice and warm.  Helpless as a puppy.,,,,,,,
SubMittens4,SubMittens5,,Show me how adorbs you are.,,,,,,,
SubMittens5,SubMittens6,,,,,,,,TeacherBodysuitMittensPuppyHairTheaterStorageStare,
SubMittens6,SubMittens7,,It looks quite comfy.  Maybe a little too comfy.,,,,,,,
SubMittens6,SubMittens7,InventoryDialogPhone,(She captures the moment on her phone.),,"PictureAdd(""Teacher"")",,,,,
SubMittens7,SubMittens8,,I have a second rule: a puppy needs to be restrained all the time.,,,,,,,
SubMittens8,SubStraps1,,(She smirks and starts to exchange the mittens for leather belts.),,,,,,,
SubStraps1,SubStraps2,,,,,,,,TeacherBodysuitPuppyBeltedTheaterStorageKneelStare,
SubStraps2,SubStraps3,,"(She straps your limbs tightly with the belts, making you helpless.)",,"LogAdd(""Sam"", TeacherPuppyStraps"")",,,,,
SubStraps2,SubStraps3,InventoryDialogPhone,(She zooms in on the straps and saves a picture.),,"PictureAdd(""Teacher"")",,,,,
SubStraps3,SubStraps4,,Adorbs!  The mittens aren't needed.  This is a lot more secure.,,,,,,,
SubStraps4,,,"Try to walk like that, little puppy.",,,,,,,
SubStraps4,Sub29,"No, I must refuse.",(She sighs loudly.)  What a grumpy puppy.  Stay like that.,,,-1,1,,,
SubStraps4,Sub29,"Sorry Trainer, it's impossible.","You need more faith in yourself.  Fine, stay like that.",,,,-1,,,
SubStraps4,SubWalk1,Alright!  Let's try that.,(You positively start to walk in the storage for her.),,,1,,,,
SubStraps4,SubWalk1,Ah!  Piece of cake!,(You confidently start to walk in the storage for her.),,,,1,,,
SubStraps4,SubWalk1,"Ok, but this is so embarrassing.",(You shyly start to walk in the storage for her.),,,,-1,,,
SubWalk1,SubWalk2,,,,,,,,TeacherBodysuitPuppyBeltedTheaterStorageWalk1,
SubWalk2,SubWalk3,,"(You shake your arms and legs clumsily, trying to walk on all fours.)",,,,,,,
SubWalk2,SubWalk3,InventoryDialogPhone,(She captures the moment on her phone and sends you an image.),,"PictureAdd(""Teacher"")",,,,,
SubWalk3,SubWalk4,,,,,,,,TeacherBodysuitPuppyBeltedTheaterStorageWalk2,
SubWalk4,SubWalk5,,(You continue to crawl as she laughs and snaps her fingers.),,,,,,,
SubWalk4,SubWalk5,InventoryDialogPhone,(She captures the moment on her phone and sends you an image.),,"PictureAdd(""Teacher"")",,,,,
SubWalk5,SubWalk6,,,,,,,,TeacherBodysuitPuppyBeltedTheaterStorageWalk3,
SubWalk6,SubWalk7,,(You manage to do a full circle of the storage in your restraints.),,,,,,,
SubWalk6,SubWalk7,InventoryDialogPhone,(She captures the moment on her phone and sends you an image.),,"PictureAdd(""Teacher"")",,,,,
SubWalk7,Sub29,,Good puppy!  That was adorbs.  Come back to me.,,,,,,,
Sub29,Sub30,,,,,,,,SamTeacherBodysuitPuppyBeltedTheaterStorageKneelPet,
Sub30,Sub31,,(She pets your hair lovingly.)  It's wonderful to have you as my dog.,DialogLoveGreater(2),,,,,,
Sub30,Sub31,,(She pets your hair slowly.)  It's nice to have you as my dog.,"DialogLoveBetween(-6, 1)",,,,,,
Sub30,Sub31,,(She pets your hair coldly.)  It's weird to have you as my dog.,DialogLoveLower(-7),,,,,,
Sub31,SubGrades1,,(She watches the clock.)  The bell will ring soon.,,,,,,,
SubGrades1,SubGrades2,,I hope Julia will be impressed by this costume and won't fail me.,,,,,,,
SubGrades2,,,You must tell her that I've made lots of effort when you meet her.,,,,,,,
SubGrades2,Sub32,(Don't say anything to Julia about that.),(She ruffles your hair and pulls on your dog ear.),,,,,,,
SubGrades2,Sub32,(Inform Julia later that Sam made lots of effort.),(She ruffles your hair and pulls on your dog ear.),,DialogChangeGrades(3),,,,,
SubGrades2,Sub32,(Inform Julia later that you made Sam's costume alone.),(She ruffles your hair and pulls on your dog ear.),,DialogChangeGrades(-3),,,,,
Sub32,Sub33,,I wish I could keep you as my bloody puppy.,,,,,,,
Sub33,Sub34,,"If I ever go back to detention, you'll be trained again.",,,,,,,
Sub34,Sub35,,,,,,,,SamTeacherBodysuitPuppyBeltedTheaterStorageKneelStare,
Sub35,Sub36,,Maybe I could ask Father to fly you home and build you a doghouse.,DialogLoveGreater(0),,,,,,
Sub35,Sub36,,You'll need to impress me more if you want your doghouse.,DialogLoveLower(-1),,,,,,
Sub36,,,(She stares at you.)  Do you enjoy being my puppy?,,,,,,,
Sub36,Sub37,Woof!,What a good mutt.  (She makes a large grin.),,,1,-2,,,
Sub36,Sub37,I do!  Thanks Trainer Sam.,"My pleasure, little mutt.  (She makes a huge smile.)",,,2,-1,,,
Sub36,Sub37,That was fun.,Absolutely.  (She smiles at you.),,,1,,,,
Sub36,Sub37,I don't know.  This is weird,I guess you're right.  (She shrugs.),,,,1,,,
Sub36,Sub37,Maybe this was a bad idea.,(She sighs and lowers her shoulders.),,,-2,1,,,
Sub36,Sub37,We should reverse the roles.,I'm not sure it would work.  (She shrugs.),,,,2,,,
Sub37,Sub38,,We don't want to be bloody late.  I'll release you.  (She undoes the straps.),,,,,,,
Sub38,Sub39,,,,,,,,TeacherBodysuitPuppyHairTheaterStorageShy,
Sub39,Sub40,,(She puts the items back in the box as you stand up.),,,,,,,
Sub40,Sub41,,"I'll put these items in a safe place, in case we need them again.",DialogDominationGreater(0),,,,,,
Sub40,Sub41,,"I'll put these items in a safe place, in case you become my puppy again.","DialogDominationBetween(-7, -1)",,,,,,
Sub40,Sub41,,"I'll put these items in a safe place, for when you'll be my puppy again.",DialogDominationLower(-8),,,,,,
Sub41,Sub42,,"Now get dressed, the clock is ticking.  (You start to change back.)",,,,,,,
Sub42,TheaterEnd1,,,,,,,,TeacherSamTheaterStorageEnter,
Medieval1,Medieval2,,,,,,,,SamTheaterStorageCurious,
Medieval2,Medieval3,,Teacher Julia needs medieval dresses and costumes for her play.,,,,,,,
Medieval3,Medieval4,,We could try some bloody mixes to make good combos.,,,,,,,
Medieval4,Medieval5,,(She starts to rummage in the storage boxes.),,,,,,,
Medieval5,Medieval6,,,,,,,,SamTheaterStorageBox,
Medieval6,Medieval7,,I found a princess dress and a knight armor.  It could work for the play.,,,,,,,
Medieval7,,,We'll need to try them first.  Do you want to be a knight or a princess?,,,,,,,
Medieval7,Medieval8,I guess I can be the knight.,(She nods.)  Let's try to do some good costumes with these bloody items.,,"DialogVariableSet(""Costume"", ""Knight"")",,,,,Clock
Medieval7,Medieval8,I'll be your knight in shiny armor.,(She nods happily.)  Let's do some good costumes with these bloody items.,,"DialogVariableSet(""Costume"", ""Knight"")",1,1,,,Clock
Medieval7,Medieval8,I could be the princess.,(She nods.)  Let's try to do some good costumes with these bloody items.,,"DialogVariableSet(""Costume"", ""Princess"")",,,,,Clock
Medieval7,Medieval8,I'll be lovely castle damsel.,(She nods and smirks.)  Let's do some good costumes with these bloody items.,,"DialogVariableSet(""Costume"", ""Princess"")",1,-1,,,Clock
Medieval7,Medieval8,"I don't know, please choose.",You'll be the damsel for sure!  Let's do some good costumes with these bloody items.,,"DialogVariableSet(""Costume"", ""Princess"")",,-2,,,Clock
Medieval8,Medieval9,,(You start to create a knight outfit as she dresses as a princess.),"DialogVariableIs(""Costume"", ""Knight"")",,,,,,
Medieval8,Medieval9,,(You start to dress as a princess as she creates a knight outfit.),"DialogVariableIs(""Costume"", ""Princess"")",,,,,,
Medieval9,Medieval10,,,"DialogVariableIs(""Costume"", ""Knight"")",,,,,TeacherKnightSamPrincessTheaterStorageTalk,
Medieval9,Medieval10,,,"DialogVariableIs(""Costume"", ""Princess"")",,,,,TeacherPrincessSamKnightTheaterStorageTalk,
Medieval10,Medieval11,,(You look at each other in your costumes and giggle.),,,,,,,
Medieval11,Medieval12,,Adorbs!  You would make a bloody fine knight.,"DialogVariableIs(""Costume"", ""Knight"")",,,,,,
Medieval11,Medieval12,,Adorbs!  You would make a bloody fine damsel.,"DialogVariableIs(""Costume"", ""Princess"")",,,,,,
Medieval12,,,Do you think Teacher Julia will be satisfied?,,,,,,,
Medieval12,Medieval13,I don't know.,(She shrugs with you.)  Only time will tell.,,,,-1,,,
Medieval12,Medieval13,"It's not that good, but it's a try.","(She sighs.)  Well, I'm no bloody tailor.",,DialogChangeGrades(-2),-1,,,,
Medieval12,Medieval13,I think she will love it.,(She smiles.)  Let's hope you're right.,,DialogChangeGrades(2),1,,,,
Medieval12,Medieval13,Don't tell her that I've helped you.,(She nods in agreement.)  Great idea.,,DialogChangeGrades(4),,1,,,
Medieval13,Medieval14,,I guess being a costumier isn't too bad.,"!LogQuery(""Sam"", ""TeacherPuppy"")",,,,,,
Medieval13,Medieval14,,Your best outfit is still the dog one.  You're a born mutt.,"LogQuery(""Sam"", ""TeacherPuppy"")",,,,,,
Medieval14,MedievalPhoto1,,We should take some pictures to show her the result.,,,,,,,
MedievalPhoto1,MedievalPhoto2,,,"DialogVariableIs(""Costume"", ""Knight"")",,,,,SamPrincessTheaterStoragePhoto1,
MedievalPhoto1,MedievalPhoto2,,,"DialogVariableIs(""Costume"", ""Princess"")",,,,,SamKnightTheaterStoragePhoto1,
MedievalPhoto2,MedievalPhoto3,,(She takes a first pose as you take a picture using her phone.),,,,,,,
MedievalPhoto2,MedievalPhoto3,InventoryDialogPhone,(You also take a picture with your own phone.),,PictureAdd(),,,,,
MedievalPhoto3,MedievalPhoto4,,,"DialogVariableIs(""Costume"", ""Knight"")",,,,,SamPrincessTheaterStoragePhoto2,
MedievalPhoto3,MedievalPhoto4,,,"DialogVariableIs(""Costume"", ""Princess"")",,,,,SamKnightTheaterStoragePhoto2,
MedievalPhoto4,MedievalPhoto5,,(She does another fun pose as you capture the moment.),,,,,,,
MedievalPhoto4,MedievalPhoto5,InventoryDialogPhone,(You also take a picture with your own phone.),,PictureAdd(),,,,,
MedievalPhoto5,MedievalPhoto6,,,"DialogVariableIs(""Costume"", ""Knight"")",,,,,SamPrincessTheaterStoragePhoto3,
MedievalPhoto5,MedievalPhoto6,,,"DialogVariableIs(""Costume"", ""Princess"")",,,,,SamKnightTheaterStoragePhoto3,
MedievalPhoto6,MedievalPhoto7,,(She takes one last pose.)  That should be enough.,,,,,,,
MedievalPhoto6,MedievalPhoto7,InventoryDialogPhone,(You also take a picture with your own phone.),,PictureAdd(),,,,,
MedievalPhoto7,MedievalPhoto8,,I will also need some pictures of your outfit.,,,,,,,
MedievalPhoto8,MedievalPhoto9,,,"DialogVariableIs(""Costume"", ""Knight"")",,,,,TeacherKnightTheaterStoragePhoto1,
MedievalPhoto8,MedievalPhoto9,,,"DialogVariableIs(""Costume"", ""Princess"")",,,,,TeacherPrincessTheaterStoragePhoto1,
MedievalPhoto9,MedievalPhoto10,,(She takes back her phone and takes a few photos of you.),,,,,,,
MedievalPhoto9,MedievalPhoto10,InventoryDialogPhone,(She sends you the best one.),,"PictureAdd(""Teacher"")",,,,,
MedievalPhoto10,MedievalPhoto11,,,"DialogVariableIs(""Costume"", ""Knight"")",,,,,TeacherKnightTheaterStoragePhoto2,
MedievalPhoto10,MedievalPhoto11,,,"DialogVariableIs(""Costume"", ""Princess"")",,,,,TeacherPrincessTheaterStoragePhoto2,
MedievalPhoto11,MedievalPhoto12,,(You do another pose as she saves a few images.)  Adorbs!,,,,,,,
MedievalPhoto11,MedievalPhoto12,InventoryDialogPhone,(She sends you the best one.),,"PictureAdd(""Teacher"")",,,,,
MedievalPhoto12,MedievalPhoto13,,,"DialogVariableIs(""Costume"", ""Knight"")",,,,,TeacherKnightTheaterStoragePhoto3,
MedievalPhoto12,MedievalPhoto13,,,"DialogVariableIs(""Costume"", ""Princess"")",,,,,TeacherPrincessTheaterStoragePhoto3,
MedievalPhoto13,MedievalPhoto14,,One last picture!  (You take one last pose as she takes pictures.),,,,,,,
MedievalPhoto13,MedievalPhoto14,InventoryDialogPhone,(She sends you the best one.),,"PictureAdd(""Teacher"")",,,,,
MedievalPhoto14,MedievalEnd1,,,"DialogVariableIs(""Costume"", ""Knight"")",,,,,TeacherKnightSamPrincessTheaterStorageTalk,
MedievalPhoto14,MedievalEnd1,,,"DialogVariableIs(""Costume"", ""Princess"")",,,,,TeacherPrincessSamKnightTheaterStorageTalk,
MedievalEnd1,,,The bell will ring soon.  Did you enjoy the photoshoot?,,,,,,,
MedievalEnd1,MedievalEnd2,"Next time, we will focus on studying.",(She bows her head and nods.)  I understand.,,DialogChangeGrades(2),-1,1,,,
MedievalEnd1,MedievalEnd2,I did.  I hope I was pretty for you.,(She laughs and grins.)  You're adorbs.,,,1,-1,,,
MedievalEnd1,MedievalEnd2,I don't think it will help your grades.,(She pouts.)  Next time we'll hit the books.,,DialogChangeGrades(-2),-1,1,,,
MedievalEnd1,MedievalEnd2,It was fun but next time we switch roles.,(She nods and smiles.)  It's a deal.,,,1,1,,,
MedievalEnd1,MedievalEnd2,Next time you will be back as my puppy.,"(She gulps and nods.)  Fine, maybe next time.","LogQuery(""Sam"", ""StudentPuppy"")",,,1,,,
MedievalEnd2,MedievalEnd3,,(You both change back as the clock ticks.),,,,,,,
MedievalEnd3,TheaterEnd1,,,,,,,,TeacherSamTheaterStorageEnter,
TheaterEnd1,TheaterEnd2,,"(The bell rings, it's time to end this session.)",,,,,,,
TheaterEnd2,OUTRO,,(You leave her and hurry back to detention.),,,,,,,
OUTRO,,,,,Wait(10),,,,,
